id,first_name,last_name,email,latitude,longitude
1,Constantia,Kemmer,ckemmer0@home.pl,51.490097,95.552472
2,Jo-ann,Bestman,jbestman1@ow.ly,15.3047612,-88.6639228
3,Jock,Novotne,jnovotne2@xinhuanet.com,31.364042,108.520914
4,Hunt,Binnall,hbinnall3@oaic.gov.au,15.6835,-91.81952
5,Tabatha,Ecclestone,tecclestone4@zimbio.com,40.2214779,116.2027916
6,Griselda,Hoff,ghoff5@amazon.co.jp,18.1686828,120.7050032
7,Alfie,McIlveen,amcilveen6@earthlink.net,26.177796,116.816909
8,Timothee,Cosbee,tcosbee7@hc360.com,38.8466225,139.8744722
9,Caye,MacDermand,cmacdermand8@godaddy.com,55.632969,37.4416961
10,Blancha,Marcussen,bmarcussen9@blogger.com,15.0312765,-88.6458421
11,Dani,Chesnut,dchesnuta@dailymail.co.uk,40.7363895,-7.8200663
12,Avivah,Ketts,akettsb@ocn.ne.jp,47.111918,87.486703
13,Jamill,Pilbeam,jpilbeamc@facebook.com,-7.572027,112.5125893
14,Ladonna,Talbot,ltalbotd@reuters.com,14.5024732,120.9921722
15,Wallie,Dall,wdalle@istockphoto.com,43.273732,25.9799453
16,Auroora,Gurnett,agurnettf@icio.us,25.296878,60.6459285
17,Haven,Christer,hchristerg@tripadvisor.com,15.6006885,101.8435568
18,Dalia,Shimman,dshimmanh@slate.com,45.8860486,20.194172
19,Deeyn,O' Liddy,doliddyi@aboutads.info,29.879877,121.5390688
20,Roma,Keener,rkeenerj@fastcompany.com,13.1789151,123.7396635
21,Gilberto,Dalrymple,gdalrymplek@over-blog.com,1.393278,124.684196
22,Pembroke,Shales,pshalesl@imdb.com,9.25,-70.95
23,Victoria,Waycott,vwaycottm@flavors.me,-8.25944,115.566002
24,Dell,McTrustie,dmctrustien@icio.us,45.0169373,39.1009227
25,Hortensia,Kearns,hkearnso@diigo.com,-6.2335134,107.1071
26,Rupert,Jaxon,rjaxonp@accuweather.com,12.5179287,-69.9624781
27,Franz,Angier,fangierq@techcrunch.com,43.1581207,-77.6063541
28,Nickie,Tugman,ntugmanr@salon.com,59.49639,34.67222
29,Devondra,Taffley,dtaffleys@google.pl,48.235668,16.373098
30,Kiele,Farguhar,kfarguhart@live.com,40.9392676,46.3748931
31,Katrine,Dewen,kdewenu@cnet.com,13.78851,100.33334
32,Darill,Hallan,dhallanv@mac.com,53.9240029,53.873969
33,Ashla,De Bellis,adebellisw@linkedin.com,46.1705063,1.8852108
34,Jelene,Daulby,jdaulbyx@edublogs.org,34.9442746,132.4282484
35,Leda,Churchlow,lchurchlowy@tiny.cc,19.535141,110.0608725
36,Woodie,Tolcher,wtolcherz@posterous.com,13.8645517,122.0680526
37,Stanislas,Luety,sluety10@barnesandnoble.com,-7.0777326,113.287085
38,Kitti,McCrae,kmccrae11@sourceforge.net,22.581611,114.205166
39,Steven,Perrigo,sperrigo12@ameblo.jp,13.9314921,122.0915082
40,Kaylee,Petrishchev,kpetrishchev13@dion.ne.jp,-6.808273,110.846846
41,Taylor,Hanselmann,thanselmann14@miibeian.gov.cn,41.7936783,-8.3338509
42,Ketti,Pontefract,kpontefract15@hubpages.com,30.0435239,-94.2743628
43,Kamila,Magnus,kmagnus16@flavors.me,26.312444,99.850365
44,Kipp,Hedges,khedges17@moonfruit.com,23.028301,115.84573
45,Isabeau,Storrs,istorrs18@ifeng.com,-8.314,123.252
46,Ariel,Carlos,acarlos19@dropbox.com,52.5890862,13.3032995
47,Delly,Tullett,dtullett1a@chronoengine.com,33.870422,109.940477
48,Gwendolen,Barltrop,gbarltrop1b@homestead.com,-9.0104992,-42.6920906
49,Brent,Banister,bbanister1c@miitbeian.gov.cn,27.4404047,-82.5828377
50,Graeme,O'Daly,godaly1d@bbb.org,57.4357357,13.9788932
51,Winifield,Gladbeck,wgladbeck1e@hugedomains.com,-6.1701003,106.0522616
52,Kendrick,Dallicott,kdallicott1f@twitter.com,62.7246159,29.8314098
53,Sephira,Statton,sstatton1g@typepad.com,-21.4649748,-49.2246518
54,Zaccaria,Bartzen,zbartzen1h@miibeian.gov.cn,29.956858,107.209965
55,Prinz,Pease,ppease1i@youtube.com,30.1926637,35.7249409
56,Savina,Vanns,svanns1j@whitehouse.gov,39.927952,21.80854
57,Paddie,Shovlar,pshovlar1k@blogspot.com,31.6318053,121.4138789
58,Ganny,McGaugey,gmcgaugey1l@webnode.com,50.8747818,15.7484458
59,Mackenzie,Bather,mbather1m@de.vu,32.3907895,119.4331388
60,Cindelyn,Bailes,cbailes1n@nps.gov,16.7551121,121.7483586
61,Tremaine,Cowey,tcowey1o@engadget.com,40.8276499,140.4491245
62,Gail,Craghead,gcraghead1p@npr.org,-34.8411832,-58.4389753
63,Roze,Whitloe,rwhitloe1q@soup.io,12.6679167,123.9881642
64,Ebeneser,Caulfield,ecaulfield1r@google.it,-1.9735657,113.6799766
65,Salmon,von Grollmann,svongrollmann1s@mtv.com,-0.5388381,37.4596409
66,Antonella,Verma,averma1t@chronoengine.com,50.9872632,20.6630795
67,Gilberto,Garford,ggarford1u@admin.ch,8.3141383,124.8551784
68,Mead,Lantaph,mlantaph1v@networkadvertising.org,20.8965838,-105.4093552
69,Pearce,Cafe,pcafe1w@xinhuanet.com,-9.4852898,119.1736353
70,Alyss,Gowler,agowler1x@lycos.com,38.226652,115.510218
71,Patrizio,Sommerville,psommerville1y@phoca.cz,23.14855,113.249429
72,Isa,McTerry,imcterry1z@npr.org,44.596097,129.591591
73,Roger,Megroff,rmegroff20@netscape.com,28.97602,120.083358
74,Jacinthe,Shilstone,jshilstone21@wikimedia.org,34.5911393,68.9569399
75,Jeana,Boyett,jboyett22@canalblog.com,1.2730471,124.7851264
76,Urbanus,Sinisbury,usinisbury23@mtv.com,29.4779861,30.961645
77,Hurley,Colledge,hcolledge24@reverbnation.com,55.7422912,37.5051617
78,Aloin,Tooting,atooting25@ameblo.jp,49.6859609,19.1804324
79,Ogden,Raggett,oraggett26@harvard.edu,23.03616,113.197169
80,Rivy,Foord,rfoord27@alibaba.com,-3.411598,114.8452
81,Humfrey,Dootson,hdootson28@hubpages.com,46.7306768,29.9803379
82,Kevon,Fullagar,kfullagar29@whitehouse.gov,13.760522,-88.2680172
83,Cyrus,Grix,cgrix2a@histats.com,16.2569214,43.9436788
84,Fanechka,Wandtke,fwandtke2b@sun.com,53.0172544,20.8891438
85,Ralf,Garwood,rgarwood2c@yandex.ru,19.9348887,-72.8308692
86,Aila,Duerden,aduerden2d@dedecms.com,-23.2140719,-46.8238911
87,Ashly,Di Biasi,adibiasi2e@sfgate.com,-8.2484009,111.8151245
88,Rosabel,Leonards,rleonards2f@oaic.gov.au,-21.1867409,-48.9081184
89,Mandy,Road,mroad2g@myspace.com,17.0056829,120.9221678
90,Hildagard,Pennycook,hpennycook2h@abc.net.au,46.8922184,-71.8291245
91,Oralie,Fevier,ofevier2i@wunderground.com,-31.0767358,-64.4833187
92,Davine,Fahrenbacher,dfahrenbacher2j@eventbrite.com,-34.7942024,-58.2622254
93,Ester,Chater,echater2k@naver.com,15.0447225,-89.5826811
94,Izabel,Handy,ihandy2l@mozilla.com,43.4945737,5.8978018
95,Johann,Calafato,jcalafato2m@paginegialle.it,51.2262018,6.7866433
96,Nial,Cresswell,ncresswell2n@mozilla.org,25.257168,116.421093
97,Diana,Seaking,dseaking2o@usa.gov,-20.9400441,-48.4812248
98,Aeriela,Slimming,aslimming2p@intel.com,21.2045417,72.839054
99,Paige,Perrottet,pperrottet2q@angelfire.com,-25.6707073,-54.7412036
100,Penni,McIlwaine,pmcilwaine2r@indiegogo.com,-8.3004413,115.0881146
101,Fulvia,Musla,fmusla2s@issuu.com,42.849628,-71.1049505
102,Matteo,Dell 'Orto,mdellorto2t@odnoklassniki.ru,60.663088,17.1532607
103,Shae,Peffer,speffer2u@last.fm,55.7813005,37.6003808
104,Shadow,Staniford,sstaniford2v@elpais.com,27.6112399,-81.6621917
105,Merl,Paver,mpaver2w@indiegogo.com,35.31025,36.11523
106,Elita,Boykett,eboykett2x@uol.com.br,-7.5690727,110.8312777
107,Viv,Blinkhorn,vblinkhorn2y@time.com,45.5787215,-72.001055
108,Christabella,Kenset,ckenset2z@sciencedaily.com,50.3485458,39.6505372
109,Nessa,Garbar,ngarbar30@dropbox.com,14.4069119,121.0205827
110,Katherina,Whoolehan,kwhoolehan31@marriott.com,51.31653,16.2304569
111,Tiffi,Gyrgorcewicx,tgyrgorcewicx32@hp.com,52.2041343,24.7853017
112,Hobie,Smallacombe,hsmallacombe33@google.ru,54.6041651,24.0304672
113,Timmy,Chapelle,tchapelle34@google.ru,41.5654743,-8.408069
114,Marlowe,Gallihawk,mgallihawk35@senate.gov,-7.646682,110.6064632
115,Shirline,Jent,sjent36@ning.com,-28.2446355,-48.6764133
116,Fallon,Banville,fbanville37@photobucket.com,38.577099,106.186518
117,Ham,Ribbon,hribbon38@salon.com,43.6036545,1.3342086
118,Elfie,Jacquemard,ejacquemard39@state.tx.us,32.7074464,108.9391253
119,Morena,Fumagall,mfumagall3a@intel.com,-8.5568557,125.5603143
120,Adelaide,Pardoe,apardoe3b@vistaprint.com,41.6716076,-8.504234
121,Zelig,Toderbrugge,ztoderbrugge3c@ftc.gov,31.825073,119.944048
122,Viola,Pittford,vpittford3d@pbs.org,13.7341,123.269
123,Jami,MacCartan,jmaccartan3e@seattletimes.com,47.9795218,91.634756
124,Mylo,Paszak,mpaszak3f@dyndns.org,44.2288747,22.5310674
125,Bevon,Ponnsett,bponnsett3g@reference.com,51.5275957,17.2712122
126,Kin,Owenson,kowenson3h@nih.gov,42.5246357,87.5395855
127,Josy,Philps,jphilps3i@pagesperso-orange.fr,14.5473421,120.997522
128,Logan,Tumbridge,ltumbridge3j@dion.ne.jp,-33.8989712,151.2149792
129,Angela,Knoble,aknoble3k@shareasale.com,31.231121,121.466039
130,Maris,Issacson,missacson3l@etsy.com,36.307064,120.39631
131,Aubrey,Pithie,apithie3m@ask.com,51.2334376,36.697122
132,Dione,Brellin,dbrellin3n@blogtalkradio.com,-8.2791,112.9733
133,Kendra,Subhan,ksubhan3o@gov.uk,49.6560847,18.7568843
134,Velma,Klossek,vklossek3p@auda.org.au,39.38316,-8.2407873
135,Joshua,Corser,jcorser3q@wiley.com,45.5599168,-73.2004857
136,Mignonne,Beaton,mbeaton3r@latimes.com,7.313755,38.0895886
137,Ram,Strethill,rstrethill3s@google.de,51.2845164,37.7994394
138,Felicdad,Bridgewater,fbridgewater3t@europa.eu,34.90704,36.40444
139,Ludvig,Godbehere,lgodbehere3u@spiegel.de,39.9863563,-0.0513246
140,Izaak,Gravett,igravett3v@smh.com.au,52.6886817,115.1891675
141,Nataniel,Heenan,nheenan3w@google.es,38.3508588,141.4219969
142,Brockie,Linzey,blinzey3x@reddit.com,19.1641495,-71.7889374
143,Jason,Spreag,jspreag3y@slate.com,68.966993,33.0991415
144,Gale,Haberjam,ghaberjam3z@g.co,24.479833,118.089425
145,Eran,Hynam,ehynam40@ed.gov,43.61812,118.05545
146,Tove,Alekseev,talekseev41@phoca.cz,-5.896111,-78.690278
147,Kaine,Brauns,kbrauns42@yellowbook.com,29.987298,120.897694
148,Ethelbert,Sworne,esworne43@google.de,44.9790183,-93.1855735
149,La verne,Appleford,lappleford44@geocities.com,7.554461,-11.693428
150,Brade,Seamons,bseamons45@chronoengine.com,9.9578348,124.1789637
151,Ruprecht,Riccardelli,rriccardelli46@skype.com,50.6770215,99.2267999
152,Jasmine,Dangerfield,jdangerfield47@photobucket.com,-29.3652193,-51.9580164
153,Justina,Stott,jstott48@tinypic.com,-27.3226376,-50.6378804
154,Gawain,Gratrex,ggratrex49@intel.com,39.3822864,48.3501725
155,Brett,Vickery,bvickery4a@narod.ru,49.8856487,22.1027541
156,Dominica,Hearnden,dhearnden4b@si.edu,11.7874103,-86.5141817
157,Emelita,Leindecker,eleindecker4c@va.gov,19.241239,108.758458
158,Chad,Puttock,cputtock4d@phpbb.com,50.5429237,3.086469
159,Sully,Davidy,sdavidy4e@tamu.edu,35.6479869,36.6795425
160,Kerstin,Florio,kflorio4f@time.com,41.1163724,-8.2693138
161,Massimo,Dootson,mdootson4g@icio.us,-7.3706874,108.5342487
162,Aigneis,Vido,avido4h@columbia.edu,-7.0795248,109.0869316
163,Kleon,Sydall,ksydall4i@theguardian.com,43.4136328,43.7924407
164,Raddie,Tupp,rtupp4j@woothemes.com,38.3927202,23.7930669
165,Hale,Malpass,hmalpass4k@ox.ac.uk,36.2109406,49.1929609
166,Josselyn,Durram,jdurram4l@plala.or.jp,-27.1799941,25.9586253
167,Augustina,Castagneto,acastagneto4m@technorati.com,-3.1456879,-60.257396
168,Janessa,Gioan,jgioan4n@zdnet.com,58.4055961,15.7403531
169,Rheba,Barens,rbarens4o@ted.com,17.1820718,-25.0658748
170,Val,Shippey,vshippey4p@networksolutions.com,39.991896,112.214219
171,Suzy,Edlyn,sedlyn4q@hatena.ne.jp,29.003994,92.564016
172,Lori,Cogdon,lcogdon4r@nature.com,3.9671435,103.40391
173,Amii,Polley,apolley4s@blogs.com,45.8198363,41.8780088
174,Hailee,Carson,hcarson4t@webs.com,53.9910079,38.5367317
175,Jorey,Blayney,jblayney4u@disqus.com,62.3946271,17.2842162
176,Mallorie,Montfort,mmontfort4v@digg.com,27.283955,105.291643
177,Olivie,Muffen,omuffen4w@liveinternet.ru,7.37823,-72.6503369
178,Edita,Tune,etune4x@list-manage.com,-6.7273278,111.2695981
179,Goldarina,Hiseman,ghiseman4y@shop-pro.jp,40.9370022,45.1804861
180,Arty,Hamlett,ahamlett4z@about.me,-14.2329823,-39.8579118
181,Leland,Firbanks,lfirbanks50@microsoft.com,51.4986953,-0.1550173
182,Joey,Apedaile,japedaile51@ox.ac.uk,59.1499143,9.6586061
183,Myrna,Hollow,mhollow52@comsenz.com,50.4213981,37.8304992
184,Jess,Pischoff,jpischoff53@woothemes.com,42.8970535,-8.5418899
185,Aigneis,Edmead,aedmead54@wsj.com,56.176516,36.99786
186,Christal,Marfield,cmarfield55@yale.edu,23.744617,102.674499
187,Kyla,Greeson,kgreeson56@istockphoto.com,28.852393,85.297534
188,Cly,Bilovus,cbilovus57@sitemeter.com,-6.97632,109.471802
189,Hendrick,Clayson,hclayson58@issuu.com,43.4945737,5.8978018
190,Giulio,Skehan,gskehan59@ox.ac.uk,47.3411618,0.723116
191,Lonee,Trinkwon,ltrinkwon5a@illinois.edu,39.20892,112.68142
192,Clare,Lippiatt,clippiatt5b@prweb.com,-3.755635,114.8033337
193,Amalia,Dowman,adowman5c@springer.com,11.7367016,122.0389128
194,Salvidor,De Ruggiero,sderuggiero5d@princeton.edu,33.1837961,-97.1305536
195,Hetty,Gaddas,hgaddas5e@de.vu,31.035395,112.199427
196,Mord,Biddiss,mbiddiss5f@prnewswire.com,34.954134,108.320121
197,Vaughan,Mycroft,vmycroft5g@webs.com,48.6618569,91.339774
198,Kailey,Noyce,knoyce5h@nature.com,-8.572,116.6058
199,Kiel,Burker,kburker5i@arstechnica.com,39.55699,-8.736667
200,Tucky,Brinkworth,tbrinkworth5j@ebay.co.uk,-6.5139395,-78.5185197
201,Gunner,Lyness,glyness5k@kickstarter.com,56.450936,23.353057
202,Scarlett,Greber,sgreber5l@hud.gov,6.3230608,8.1120116
203,Lurleen,Duplock,lduplock5m@nasa.gov,37.033243,121.609938
204,Danna,Yarranton,dyarranton5n@miibeian.gov.cn,-7.0368878,108.3489807
205,Bekki,Slee,bslee5o@imdb.com,8.956049,125.596794
206,Willard,Billinge,wbillinge5p@typepad.com,61.5074716,24.5340167
207,Gustaf,Wingfield,gwingfield5q@noaa.gov,-7.229378,112.774454
208,Shayna,Brunicke,sbrunicke5r@usgs.gov,15.4053048,-91.7142051
209,Gussie,Addlestone,gaddlestone5s@ocn.ne.jp,47.8060989,7.3372459
210,Dario,Brickell,dbrickell5t@globo.com,47.7489727,7.3507066
211,Bobby,Itscovitz,bitscovitz5u@sogou.com,57.6699268,15.8538205
212,Osmond,Sonier,osonier5v@sitemeter.com,-6.2401676,-38.9459326
213,Hazel,Toyer,htoyer5w@narod.ru,54.4658152,19.9348453
214,Grete,Antalffy,gantalffy5x@ft.com,58.3963779,15.6592291
215,Vick,Di Domenico,vdidomenico5y@jigsy.com,-7.025202,107.5259078
216,Nedda,Ducket,nducket5z@nytimes.com,39.6077793,22.1248342
217,Drusi,Tathacott,dtathacott60@acquirethisname.com,-32.4871605,-58.2510984
218,Coletta,Rosa,crosa61@google.nl,-10.333333,-77.45
219,Halette,Emanueli,hemanueli62@bloomberg.com,-6.0924606,105.9112424
220,Diane,Hathorn,dhathorn63@e-recht24.de,48.1504081,-1.6807958
221,Lawton,Cabbell,lcabbell64@wp.com,30.917795,121.474042
222,Keefer,Eringey,keringey65@yandex.ru,14.5653343,121.0527067
223,Lusa,Alti,lalti66@icio.us,51.5775677,16.4684556
224,Hayley,O'Clery,hoclery67@archive.org,-7.9675395,112.7032945
225,Harlin,Georgot,hgeorgot68@ebay.com,43.3667218,-72.3412362
226,Arlyne,Prosser,aprosser69@4shared.com,19.379122,-99.1097687
227,Torr,Dun,tdun6a@comcast.net,-6.2176613,106.8679827
228,Eb,Arnowicz,earnowicz6b@histats.com,-6.8586226,111.642224
229,Betty,Surguine,bsurguine6c@yale.edu,50.2923198,27.9814782
230,Charlotta,Bartoszewski,cbartoszewski6d@army.mil,-3.8171911,137.3315076
231,Brade,Poyser,bpoyser6e@canalblog.com,28.947037,109.47991
232,Reuben,Speechley,rspeechley6f@uol.com.br,-11.1215276,-75.3587075
233,Keefe,Corradini,kcorradini6g@cbslocal.com,34.8118351,126.3921664
234,Brnaby,Arundell,barundell6h@icq.com,47.17744,119.943575
235,Constancy,Killingbeck,ckillingbeck6i@jalbum.net,58.673928,17.105134
236,Gaston,Jirek,gjirek6j@aol.com,30.572815,104.066801
237,Aguistin,Cherry Holme,acherryholme6k@digg.com,40.7003439,-7.6302454
238,Ellery,Izkovitz,eizkovitz6l@oracle.com,-8.1091223,-35.0838562
239,Leigha,Birdfield,lbirdfield6m@amazon.co.jp,51.3870782,28.8660119
240,Raddie,Michin,rmichin6n@smugmug.com,57.5780197,48.9602971
241,Irma,Van Salzberger,ivansalzberger6o@sbwire.com,43.3688739,46.5485537
242,Worden,Blakeney,wblakeney6p@biglobe.ne.jp,27.718295,119.394148
243,Aland,Erdis,aerdis6q@wordpress.org,15.7631488,99.7344154
244,Bogey,Baudasso,bbaudasso6r@msu.edu,32.519246,108.533377
245,Merla,McInnery,mmcinnery6s@howstuffworks.com,22.330081,111.851416
246,Elbertina,Harron,eharron6t@ted.com,34.66667,61.06667
247,Norton,Collen,ncollen6u@symantec.com,41.385858,-8.3854178
248,Mame,Willcock,mwillcock6v@ifeng.com,54.3562129,17.5647322
249,Valle,Manneville,vmanneville6w@answers.com,9.258006,123.281809
250,Waverly,Cerith,wcerith6x@nationalgeographic.com,43.3688739,46.5485537
251,Sergei,Rangeley,srangeley6y@taobao.com,53.7093085,31.7171894
252,Ernie,Rayner,erayner6z@businesswire.com,-6.3477635,31.0736389
253,Harv,Kittredge,hkittredge70@printfriendly.com,41.477249,82.580514
254,Bogart,Trenaman,btrenaman71@paypal.com,24.9372186,118.6422409
255,Bryan,Caldeyroux,bcaldeyroux72@artisteer.com,38.828834,139.9059015
256,Aaron,Wilkerson,awilkerson73@wired.com,-6.9098723,107.1955974
257,Alanna,Spada,aspada74@home.pl,48.6765178,38.0990815
258,Thacher,Hatton,thatton75@tuttocitta.it,59.2426907,17.8471065
259,Leonardo,Dawidowitsch,ldawidowitsch76@vinaora.com,22.719257,114.055261
260,Annecorinne,Stanwix,astanwix77@exblog.jp,37.730256,139.0660748
261,Pru,Grix,pgrix78@cbsnews.com,-23.7082237,-46.415128
262,Panchito,Gonoude,pgonoude79@google.cn,31.3052222,30.2992358
263,Stan,de Glanville,sdeglanville7a@jimdo.com,45.40015,-64.33205
264,Toinette,Taverner,ttaverner7b@biglobe.ne.jp,35.2024947,127.4626534
265,Davon,Walder,dwalder7c@mozilla.com,45.75997,126.668787
266,Latrena,Screase,lscrease7d@boston.com,-30.9970748,26.3308478
267,Devland,Smalecombe,dsmalecombe7e@toplist.cz,-24.6930487,44.7451765
268,Ciro,McNess,cmcness7f@addtoany.com,42.0633701,48.2534105
269,Joshuah,Smithies,jsmithies7g@nytimes.com,56.546084,13.7445655
270,Brockie,Shenton,bshenton7h@blog.com,36.675439,140.6715934
271,Doralyn,Edinburgh,dedinburgh7i@imageshack.us,-8.1297,113.1213
272,Wain,Tomik,wtomik7j@yelp.com,5.489059,7.0175879
273,Trixy,Minards,tminards7k@kickstarter.com,53.1042303,15.0760167
274,Cary,Widdall,cwiddall7l@360.cn,-6.8622047,111.6051176
275,Hazlett,Keavy,hkeavy7m@mtv.com,16.2725431,107.9394761
276,Sigrid,Hupe,shupe7n@amazon.co.uk,15.8048323,120.9997478
277,Jackelyn,McLewd,jmclewd7o@umn.edu,53.7815116,27.4312339
278,Cahra,Burt,cburt7p@t-online.de,-8.729881,122.0212337
279,Christyna,Couser,ccouser7q@blogger.com,44.666926,19.2469148
280,Xylina,Standall,xstandall7r@thetimes.co.uk,18.7853577,99.0184183
281,Holmes,Bale,hbale7s@netlog.com,-22.72125,27.31057
282,Anett,Cowlas,acowlas7t@i2i.jp,-29.4799379,-51.7994632
283,Rhoda,Deguara,rdeguara7u@etsy.com,15.0140045,-87.931855
284,Jayne,Tite,jtite7v@creativecommons.org,-29.1294007,-56.5481122
285,Jonas,Krolle,jkrolle7w@ox.ac.uk,30.964593,120.780294
286,Jenica,Hurburt,jhurburt7x@skyrock.com,49.4104,16.6393299
287,Anne-corinne,Chalfont,achalfont7y@patch.com,13.6444,44.85097
288,Galvin,Fetteplace,gfetteplace7z@springer.com,31.039415,121.415144
289,Zed,MacCall,zmaccall80@dell.com,-9.7625469,-36.1328132
290,Kevina,Berford,kberford81@slideshare.net,-21.9718816,16.9063491
291,Philipa,Hovard,phovard82@spotify.com,18.5086907,-69.8497207
292,Glyn,Olman,golman83@mozilla.org,32.7827213,131.1627748
293,Yoshi,Cranke,ycranke84@sphinn.com,12.0308987,39.0476298
294,Beth,Greggor,bgreggor85@etsy.com,5.8320421,-74.5833539
295,Shaw,Dale,sdale86@flickr.com,30.045109,120.249049
296,Estel,Scrange,escrange87@washington.edu,14.72328,102.1609718
297,Patton,Gladdor,pgladdor88@bbb.org,-7.3118486,108.6383454
298,Rogerio,Ivakhnov,rivakhnov89@bigcartel.com,14.0899827,101.2750531
299,Melania,Wiffield,mwiffield8a@amazon.co.uk,47.171717,124.863603
300,Jervis,Damiata,jdamiata8b@nifty.com,33.7150937,130.9966131
301,Caresa,Wase,cwase8c@fema.gov,-2.759,-42.8236209
302,Robbie,Tuckerman,rtuckerman8d@opera.com,-31.4317582,-64.1276288
303,Sutton,Chazelas,schazelas8e@wordpress.com,54.0188307,31.7244374
304,Karina,Rudsdell,krudsdell8f@ftc.gov,-8.6508134,118.7023068
305,Eunice,Waplington,ewaplington8g@parallels.com,45.6103043,79.467517
306,Trudi,Eastbrook,teastbrook8h@apache.org,32.751027,36.301039
307,Viola,Morphey,vmorphey8i@apache.org,53.8446885,28.9892932
308,Sammy,Mistry,smistry8j@dot.gov,48.9446931,91.1606763
309,Rafaela,Willford,rwillford8k@nsw.gov.au,3.1121428,101.6935065
310,Odella,Maureen,omaureen8l@usda.gov,40.9632212,24.8064244
311,Vernen,Fraschini,vfraschini8m@e-recht24.de,49.9778407,16.9717754
312,Roxana,Giacomoni,rgiacomoni8n@businessweek.com,44.0264621,5.0852479
313,Chad,Parrett,cparrett8o@latimes.com,58.2124026,16.0053643
314,Cloris,MacAlpine,cmacalpine8p@webs.com,27.868393,113.433712
315,Karena,McConnal,kmcconnal8q@tiny.cc,32.224808,110.228747
316,Beckie,Scardifeild,bscardifeild8r@booking.com,52.3974171,19.735653
317,Celie,Liversedge,cliversedge8s@pbs.org,43.5053938,44.5834907
318,Whitaker,Raoux,wraoux8t@webs.com,38.7592621,-9.2760659
319,Beatriz,Smurfitt,bsmurfitt8u@nydailynews.com,25.637152,106.979574
320,Lezley,Giacobilio,lgiacobilio8v@w3.org,44.9790183,-93.1855735
321,Donnamarie,Cleverly,dcleverly8w@wisc.edu,37.444498,114.498761
322,Chastity,Youens,cyouens8x@arizona.edu,39.7665139,-89.6100521
323,Yorker,Vidgeon,yvidgeon8y@ca.gov,38.25555,90.31196
324,Linoel,Edgerly,ledgerly8z@forbes.com,42.5100804,1.5387862
325,Joyce,McIlriach,jmcilriach90@ucla.edu,-6.6816357,-78.522826
326,Dill,Ovanesian,dovanesian91@stumbleupon.com,9.5608923,-73.3384471
327,Neilla,Ratley,nratley92@google.pl,50.255556,136.640833
328,Lewes,Capp,lcapp93@blogs.com,21.428436,110.869567
329,Sheeree,Siemianowicz,ssiemianowicz94@slideshare.net,51.2253204,20.1634178
330,Kelli,Halgarth,khalgarth95@weibo.com,-6.7152549,111.4246078
331,Hewe,Kasper,hkasper96@edublogs.org,55.7754263,40.4248943
332,Thaxter,Attoc,tattoc97@yelp.com,0.1840524,100.1255164
333,Barbie,Culverhouse,bculverhouse98@answers.com,-12.1339689,-38.4211223
334,Hartwell,Treker,htreker99@imdb.com,10.611793,-74.269383
335,Ruthann,Carlesi,rcarlesi9a@google.co.jp,32.513883,118.677372
336,Gennie,Ditts,gditts9b@twitter.com,33.772391,106.079271
337,Flossi,Emanuel,femanuel9c@wiley.com,-3.3339824,-58.5543821
338,Rubetta,Inchcomb,rinchcomb9d@homestead.com,-23.9200254,31.0387714
339,Rudie,Bedburrow,rbedburrow9e@google.com.br,50.756497,21.8951181
340,Wallache,Ailsbury,wailsbury9f@histats.com,25.6697865,-80.4660256
341,Caddric,Gillan,cgillan9g@mapquest.com,50.7925769,6.1597163
342,Gallard,Ekell,gekell9h@cnet.com,54.9479093,83.1831386
343,Hermann,Gerry,hgerry9i@google.cn,14.7790314,-16.9638997
344,Elton,Baptiste,ebaptiste9j@noaa.gov,-6.9401945,106.9247932
345,Monroe,Clemendot,mclemendot9k@europa.eu,-8.2298682,112.7509656
346,Etta,MacCurlye,emaccurlye9l@nasa.gov,-7.4951399,107.532764
347,Jillene,Vinden,jvinden9m@spotify.com,16.7560469,-22.9386472
348,Northrop,Snoddy,nsnoddy9n@pcworld.com,44.956193,128.3838321
349,Romeo,Skipsey,rskipsey9o@guardian.co.uk,41.774053,126.042534
350,Anders,Gaskill,agaskill9p@umich.edu,24.622426,113.996757
351,Cloris,Raddan,craddan9q@go.com,45.97927,-81.9248
352,Hesther,Harnes,hharnes9r@addthis.com,60.60646,15.6355
353,Quent,Whiffen,qwhiffen9s@umn.edu,30.973935,120.639958
354,Cathleen,Bembridge,cbembridge9t@booking.com,57.8515567,12.0224096
355,Brigit,Peche,bpeche9u@buzzfeed.com,9.791337,-74.7975249
356,Alon,Wale,awale9v@boston.com,11.1856085,124.9202302
357,Elysee,Markwell,emarkwell9w@accuweather.com,49.116169,6.1807997
358,Charlton,Kneale,ckneale9x@hp.com,34.66667,61.06667
359,Neill,Meneyer,nmeneyer9y@deviantart.com,-9.7219,119.2998
360,Marcelia,Rodders,mrodders9z@surveymonkey.com,69.692947,170.399612
361,Timmy,Timbs,ttimbsa0@shutterfly.com,26.1226062,50.534262
362,Georgia,Semonin,gsemonina1@weather.com,31.3265959,105.7904148
363,Aron,Tooker,atookera2@wikia.com,31.031933,119.659553
364,Janaya,Cooling,jcoolinga3@intel.com,48.5851876,7.7342943
365,Salim,Simmins,ssimminsa4@reuters.com,53.7109905,20.6879247
366,Trip,Tollemache,ttollemachea5@usnews.com,41.8499561,-87.650042
367,Powell,Volker,pvolkera6@google.ca,24.777412,108.904706
368,Wolf,Coit,wcoita7@ezinearticles.com,11.8035277,-86.1624587
369,Jessy,Thiem,jthiema8@fc2.com,28.572029,109.482078
370,Kacey,Galsworthy,kgalsworthya9@wsj.com,53.2198089,63.6354232
371,Greg,Suermeiers,gsuermeiersaa@cnet.com,20.1453986,-77.4300357
372,Leland,Fairpo,lfairpoab@cafepress.com,10.9423,124.6806
373,Lesley,Conry,lconryac@nifty.com,38.9175948,22.3032419
374,Belia,Chapman,bchapmanad@reuters.com,45.697904,0.964671
375,Barr,Hardcastle,bhardcastleae@alexa.com,13.5001159,-14.0144902
376,Gerek,Moffet,gmoffetaf@sitemeter.com,54.8395772,37.6258923
377,Silvio,Vanstone,svanstoneag@ustream.tv,-20.4993469,-43.8613566
378,Neil,Dmtrovic,ndmtrovicah@telegraph.co.uk,-19.8428824,-44.6064582
379,Page,Feckey,pfeckeyai@blog.com,40.446264,115.345484
380,Danita,Woodroff,dwoodroffaj@jimdo.com,37.198731,106.1580937
381,Pavlov,Gartell,pgartellak@ebay.com,48.0044582,7.8374651
382,Rivkah,Pellett,rpellettal@unc.edu,12.3181444,-2.4653598
383,Danita,Muttitt,dmuttittam@fastcompany.com,31.793861,117.309522
384,Birdie,Haburne,bhaburnean@ezinearticles.com,10.5703809,-62.8294091
385,Elenore,Popping,epoppingao@accuweather.com,66.5299478,66.6127258
386,Ernest,Downton,edowntonap@state.tx.us,49.0261841,1.1518478
387,Maribelle,Fradson,mfradsonaq@addtoany.com,-7.6609976,112.8968078
388,Cody,Leipold,cleipoldar@wisc.edu,4.168711,-76.167375
389,Stevie,Gudyer,sgudyeras@whitehouse.gov,51.1490898,108.9418923
390,Court,Vedyashkin,cvedyashkinat@vimeo.com,-24.1089373,-49.3356859
391,Nancy,Halegarth,nhalegarthau@eventbrite.com,50.0005617,25.5072523
392,Lindsy,Edlin,ledlinav@drupal.org,30.601966,115.438847
393,Janeczka,Longdon,jlongdonaw@cdc.gov,49.2744124,25.1313297
394,Sissie,Petzold,spetzoldax@fda.gov,28.237987,83.9955879
395,Ulrikaumeko,Scruton,uscrutonay@google.co.uk,-25.8621309,29.1236739
396,Ruby,Denkel,rdenkelaz@yellowbook.com,49.0261841,1.1518478
397,Nanny,McGenis,nmcgenisb0@discuz.net,31.04565,121.409039
398,Alexis,Rodell,arodellb1@abc.net.au,32.762127,34.97298
399,Clarie,Belbin,cbelbinb2@huffingtonpost.com,30.334768,106.93038
400,Petronille,Jarrelt,pjarreltb3@earthlink.net,-0.6349893,117.4086488
401,Corrina,Shillum,cshillumb4@cbc.ca,-22.5845295,-44.0491741
402,Romola,Kitcher,rkitcherb5@live.com,5.0281872,118.3157161
403,Clemence,Myrie,cmyrieb6@friendfeed.com,36.733165,103.262152
404,Shayna,O'Feeney,sofeeneyb7@cpanel.net,41.378328,126.2947741
405,Vivyan,Lebell,vlebellb8@usnews.com,32.060255,118.796877
406,Cherlyn,Taffarello,ctaffarellob9@artisteer.com,-0.223997,111.391098
407,Haleigh,Kampshell,hkampshellba@nymag.com,8.508983,125.969667
408,Kellina,Hardesty,khardestybb@constantcontact.com,-7.1913,107.8902
409,Lester,MacNeachtain,lmacneachtainbc@reddit.com,60.3435461,59.9882605
410,Karon,Loxley,kloxleybd@livejournal.com,24.3482735,116.6988851
411,Neddie,Hancell,nhancellbe@ameblo.jp,-19.0098182,47.1800893
412,Harli,Cayzer,hcayzerbf@flavors.me,9.9044207,105.1668326
413,Clem,Wudeland,cwudelandbg@bravesites.com,41.7820601,20.0881443
414,Nicol,Switsur,nswitsurbh@who.int,30.7366196,130.9913218
415,Chucho,Ackwood,cackwoodbi@mayoclinic.com,48.8315157,84.606767
416,Eulalie,Braghini,ebraghinibj@about.com,7.591829,124.0735387
417,Olly,Speere,ospeerebk@blogspot.com,7.0503742,38.4955043
418,Rubia,Lahrs,rlahrsbl@google.pl,55.80192,42.7731878
419,Rodina,Taggert,rtaggertbm@51.la,30.862289,103.915953
420,Gilbert,Andrioli,gandriolibn@sun.com,-2.4431287,114.2152731
421,Shane,Eilert,seilertbo@is.gd,47.949239,126.276226
422,Felipa,Lowbridge,flowbridgebp@feedburner.com,46.2893452,28.6519897
423,Kelcy,Nyssen,knyssenbq@google.nl,30.753924,120.758543
424,Marijo,Coldbreath,mcoldbreathbr@cbc.ca,39.975999,116.317558
425,Ailee,Ciubutaro,aciubutarobs@skyrock.com,49.6805192,19.7822663
426,Hortensia,Llorente,hllorentebt@psu.edu,14.5697429,121.0190818
427,Si,Antowski,santowskibu@globo.com,-8.665669,115.18124
428,Chrissie,Ickovic,cickovicbv@deviantart.com,-3.9148823,-60.8609358
429,Concordia,Roswarne,croswarnebw@google.es,50.5658445,14.6542767
430,Viviana,Bonnet,vbonnetbx@mysql.com,-8.074933,112.6079459
431,Didi,Girardetti,dgirardettiby@vkontakte.ru,36.6919385,38.9511518
432,Perle,Prinn,pprinnbz@mediafire.com,-21.8421051,-47.4710798
433,Annabel,Harral,aharralc0@icq.com,-6.967,113.7517
434,Hayley,Liggens,hliggensc1@gnu.org,42.9534839,129.9920883
435,Osmond,Brucker,obruckerc2@cnet.com,-8.7334983,121.7508912
436,Rozele,Shedden,rsheddenc3@java.com,8.529106,123.74979
437,Renelle,Drugan,rdruganc4@samsung.com,-6.3413734,106.5495683
438,Emmie,Warbrick,ewarbrickc5@pen.io,55.1970692,38.3579129
439,Golda,Trewinnard,gtrewinnardc6@google.com,45.8010928,15.7110481
440,Jenni,Petrus,jpetrusc7@github.io,61.549558,23.5960975
441,Ophelie,Mellody,omellodyc8@squidoo.com,10.4853153,5.1458131
442,Hyacinth,Marval,hmarvalc9@gov.uk,58.2768797,47.5136153
443,Aguie,Bertl,abertlca@timesonline.co.uk,-7.590458,109.1077389
444,Daron,Woodrooffe,dwoodrooffecb@opera.com,55.9437901,37.315783
445,Hymie,Kirkwood,hkirkwoodcc@cloudflare.com,-0.2467982,109.6163185
446,Phillip,Favelle,pfavellecd@opensource.org,14.7575652,-88.1132737
447,Bambie,Akett,bakettce@hugedomains.com,31.558471,118.844538
448,Berny,Ricarde,bricardecf@reuters.com,55.3682716,27.4703402
449,Mercy,Larby,mlarbycg@huffingtonpost.com,6.6885285,149.3023702
450,Fredric,Robbs,frobbsch@bloglines.com,-6.1574525,106.7994022
451,Denver,Gerrietz,dgerrietzci@last.fm,-8.1623059,112.0208095
452,Hedwig,Bernon,hbernoncj@creativecommons.org,45.3083461,36.0579603
453,Allayne,McNellis,amcnellisck@cpanel.net,48.8805451,2.1476836
454,Ely,Thunderman,ethundermancl@fema.gov,35.1541677,37.2089056
455,Carney,Thomason,cthomasoncm@mac.com,40.554374,123.475937
456,Gran,Corsham,gcorshamcn@nhs.uk,37.4547684,140.5368503
457,Mickey,Torresi,mtorresico@tuttocitta.it,40.7240772,23.0043777
458,Kathlin,Whatling,kwhatlingcp@cafepress.com,31.2371338,121.498955
459,Meade,Turban,mturbancq@icq.com,62.3316244,27.7461577
460,Ottilie,Hollow,ohollowcr@cbslocal.com,32.990664,112.528308
461,Sorcha,Fullerd,sfullerdcs@pagesperso-orange.fr,24.960385,118.386279
462,Cassie,Fost,cfostct@sohu.com,37.0237497,120.5622121
463,Armstrong,Dahlen,adahlencu@alexa.com,31.228026,121.454211
464,Remy,Knill,rknillcv@indiegogo.com,10.7464075,121.9386578
465,Mollee,Biddleston,mbiddlestoncw@berkeley.edu,-34.8702993,-71.1664033
466,Selinda,Asplen,sasplencx@163.com,28.845441,121.131229
467,Arnaldo,Waldram,awaldramcy@howstuffworks.com,49.1980747,-98.102542
468,Ephraim,Sooley,esooleycz@mysql.com,10.6400163,-4.7588042
469,Manya,Beynkn,mbeynknd0@upenn.edu,12.225759,21.4126837
470,Nana,Sutherden,nsutherdend1@usda.gov,-8.4428564,112.6973355
471,Dwayne,Blaskett,dblaskettd2@redcross.org,35.6290935,139.7425844
472,Salome,Mayes,smayesd3@arstechnica.com,58.8995628,59.7081271
473,Katina,Mansell,kmanselld4@dagondesign.com,56.2835999,44.0036677
474,Trumann,Hyett,thyettd5@github.com,57.9244338,12.544198
475,Maye,Gainsburgh,mgainsburghd6@goodreads.com,38.070311,114.411459
476,Ursulina,Dybbe,udybbed7@nymag.com,-6.1841954,106.8310178
477,Savina,Naulty,snaultyd8@hao123.com,59.4641209,18.0433215
478,Prescott,St. Aubyn,pstaubynd9@ucoz.com,31.8808504,36.8308031
479,Bradney,Peye,bpeyeda@mysql.com,62.9123239,34.5739346
480,Lenka,Carrington,lcarringtondb@toplist.cz,-6.9909214,113.8659097
481,Diane-marie,Archambault,darchambaultdc@163.com,28.947037,109.47991
482,Delaney,Pell,dpelldd@thetimes.co.uk,46.3376387,13.5516829
483,Charmane,Bolan,cbolande@freewebs.com,14.5697429,121.0190818
484,Jerri,Bland,jblanddf@skype.com,-7.3677628,110.1209019
485,Gabbie,Gianolo,ggianolodg@ow.ly,39.953041,116.371207
486,Alphonse,Sliney,aslineydh@vinaora.com,-6.2461822,106.8323419
487,Jaime,Heisman,jheismandi@last.fm,38.876483,121.549925
488,Shani,Poyle,spoyledj@sun.com,5.7577596,103.0010752
489,Pavlov,Dietmar,pdietmardk@prlog.org,18.226045,121.555888
490,Maryrose,Kryzhov,mkryzhovdl@newyorker.com,-3.4667033,114.7490673
491,Frederich,Wildsmith,fwildsmithdm@yandex.ru,29.756501,121.507191
492,Rollo,Thoumas,rthoumasdn@icio.us,29.841047,112.673519
493,Casar,Cruikshank,ccruikshankdo@ca.gov,59.83453,15.6905435
494,Alma,Burchall,aburchalldp@photobucket.com,-7.6179234,109.1850317
495,Vanya,Wixon,vwixondq@ucla.edu,-8.669071,115.213781
496,Calypso,Giovanazzi,cgiovanazzidr@youtube.com,29.00091,120.568856
497,Anatollo,Turban,aturbands@weather.com,-4.1136576,104.6442073
498,Welch,Biagi,wbiagidt@nytimes.com,38.2031194,23.9632194
499,Eleonora,Birbeck,ebirbeckdu@arizona.edu,-7.9284108,110.3457756
500,Ricard,Brind,rbrinddv@noaa.gov,48.8693156,2.3501981
501,Bryce,Mercey,bmerceydw@cbc.ca,-9.9478,124.5363
502,Zebedee,Cestard,zcestarddx@freewebs.com,26.662155,102.242653
503,Laurie,Hamblyn,lhamblyndy@nbcnews.com,32.006965,119.847051
504,Janela,Edgson,jedgsondz@oakley.com,27.018693,104.372949
505,Wrennie,Bickell,wbickelle0@dropbox.com,-25.6707073,-54.7412036
506,Tore,Spinks,tspinkse1@wufoo.com,13.81425,-16.4405872
507,Roselia,Brabbs,rbrabbse2@prweb.com,32.694081,35.396231
508,Seamus,Donaher,sdonahere3@wufoo.com,45.8334,-79.38293
509,Oralee,Bolderson,oboldersone4@privacy.gov.au,47.0163969,-68.1430029
510,Gizela,Pountain,gpountaine5@github.com,7.3423696,-76.5719414
511,Suzi,Cullabine,scullabinee6@cocolog-nifty.com,44.256487,-76.033479
512,Laryssa,Lope,llopee7@telegraph.co.uk,14.5177485,120.5973573
513,Vilhelmina,Ghilardini,vghilardinie8@chron.com,9.9411601,122.5691915
514,Constantia,Schwandner,cschwandnere9@slideshare.net,-6.972219,112.4619282
515,Quill,Gallop,qgallopea@miitbeian.gov.cn,47.015529,-68.1429749
516,Jo,Teague,jteagueeb@squidoo.com,8.1713638,-72.1712309
517,Berte,Ravens,bravensec@dell.com,41.884195,22.505053
518,Tanner,Parkhouse,tparkhouseed@mysql.com,-34.7356949,-58.6340339
519,Allistir,Jenik,ajenikee@skyrock.com,59.9739683,10.9282159
520,Jamima,Pooly,jpoolyef@mtv.com,42.8299079,59.0072317
521,Kathi,Loker,klokereg@youtube.com,49.4604602,6.0280525
522,Dan,Copeland,dcopelandeh@networkadvertising.org,-12.266667,-74.95
523,Tatum,Gosford,tgosfordei@studiopress.com,22.521523,114.055023
524,Van,Droghan,vdroghanej@tinypic.com,56.0372083,21.8173884
525,Irv,Dutchburn,idutchburnek@prweb.com,47.853778,128.84075
526,Anna-diana,Hingeley,ahingeleyel@oakley.com,56.67925,12.9321834
527,Christiano,Mathew,cmathewem@telegraph.co.uk,55.1860004,44.1197993
528,Martainn,Barten,mbartenen@sourceforge.net,6.1724969,1.2313618
529,Bill,Keddey,bkeddeyeo@thetimes.co.uk,28.555787,121.244605
530,Bordy,Ganny,bgannyep@paginegialle.it,45.3218651,17.7681327
531,Arman,Fernier,aferniereq@infoseek.co.jp,54.948864,31.0570797
532,Constantino,Maryan,cmaryaner@bizjournals.com,58.4055961,15.7403531
533,Didi,Abbate,dabbatees@bandcamp.com,-1.4698725,134.1150413
534,Dania,Whebell,dwhebellet@163.com,22.5346419,114.1237079
535,Orsola,Wellum,owellumeu@yelp.com,55.823907,37.518127
536,Adamo,Bener,abenerev@google.com.au,45.6808113,28.5688631
537,Leonhard,Gash,lgashew@discuz.net,-27.4249796,30.8190797
538,Samara,Jiran,sjiranex@irs.gov,53.3326454,-1.4631269
539,Carlie,Pelchat,cpelchatey@reference.com,9.955498,-84.078434
540,Rolland,Goatcher,rgoatcherez@aboutads.info,40.7143433,-8.0108755
541,Ingelbert,Bodicam,ibodicamf0@oaic.gov.au,59.5245273,13.223691
542,Darcie,Gyves,dgyvesf1@goo.ne.jp,-12.1613589,-76.2294444
543,Bekki,Cosgrove,bcosgrovef2@angelfire.com,18.2712491,-78.0682254
544,Davide,Kolakovic,dkolakovicf3@feedburner.com,60.6717958,17.1711587
545,Tracie,Nestoruk,tnestorukf4@wordpress.org,-9.7083227,119.3279386
546,Jarred,Slowley,jslowleyf5@skyrock.com,-6.6579598,106.7336319
547,Kellina,Woodage,kwoodagef6@arstechnica.com,34.8323566,33.5895956
548,Orrin,Huddart,ohuddartf7@nba.com,40.9192881,-8.4188235
549,Marjory,Madeley,mmadeleyf8@tumblr.com,38.402951,-28.080155
550,Mendy,Palley,mpalleyf9@cdc.gov,-17.5637341,-149.5988089
551,Benedikt,Wattisham,bwattishamfa@fc2.com,8.8471213,7.8776023
552,Fernanda,O'Doohaine,fodoohainefb@ow.ly,-33.2825097,19.3247866
553,Guntar,Sumpner,gsumpnerfc@hao123.com,31.556273,115.004962
554,Inge,Bowbrick,ibowbrickfd@omniture.com,37.075814,120.468847
555,Biddie,Clemetts,bclemettsfe@booking.com,-7.1617465,-78.5127855
556,Sheilakathryn,Darree,sdarreeff@nba.com,39.0483943,139.8738552
557,Nonie,Borgnet,nborgnetfg@163.com,52.0715558,103.8262447
558,Orion,Duester,oduesterfh@mysql.com,-39.644114,176.7958307
559,Erny,Ochterlony,eochterlonyfi@usa.gov,43.6953508,7.2559678
560,Katy,Clavering,kclaveringfj@wix.com,-16.7111944,-151.0340359
561,Cherianne,Calwell,ccalwellfk@furl.net,49.2221045,-0.4440154
562,Carolyne,Blessed,cblessedfl@usnews.com,37.347409,115.965874
563,Edmund,Nottingam,enottingamfm@ehow.com,56.16974,36.12545
564,Giff,Mance,gmancefn@stanford.edu,47.2495437,107.5408308
565,Noam,London,nlondonfo@wikimedia.org,15.9385737,120.4936932
566,Jarret,Sapey,jsapeyfp@go.com,25.4039407,60.3732653
567,Roch,Rostron,rrostronfq@ucoz.ru,-7.1056569,107.9005972
568,Camel,Valente,cvalentefr@facebook.com,30.741991,121.341969
569,Dotty,McGairl,dmcgairlfs@zimbio.com,41.9483514,45.8147918
570,Miof mela,Kuhnert,mkuhnertft@github.io,14.714943,121.712226
571,Car,Degg,cdeggfu@domainmarket.com,38.2170269,-7.5422129
572,Fair,Petticrew,fpetticrewfv@blinklist.com,55.7558426,52.061524
573,Agosto,Perutto,aperuttofw@weather.com,38.0375021,125.7079231
574,Carole,Weiner,cweinerfx@ifeng.com,44.4123524,16.5814309
575,Micheal,Giacomucci,mgiacomuccify@about.com,-8.3910094,120.3031871
576,Catlaina,Hauger,chaugerfz@wikipedia.org,15.8137804,120.3404633
577,Nancy,Corden,ncordeng0@weather.com,-12.1392325,44.4311608
578,Othello,Risom,orisomg1@fema.gov,57.1140206,12.2839583
579,Joana,Nannini,jnanninig2@biblegateway.com,11.4864025,-69.3503307
580,Blanca,Sprigg,bspriggg3@sfgate.com,15.2958539,103.2940689
581,Hardy,Liversage,hliversageg4@tiny.cc,35.579427,109.262961
582,Zorina,Kahen,zkaheng5@cnbc.com,29.037007,100.298403
583,Blakelee,Abramovitch,babramovitchg6@weebly.com,-7.8808775,-40.0810267
584,Noam,Greyes,ngreyesg7@icq.com,38.640106,-9.0560562
585,Nicol,Churchouse,nchurchouseg8@unc.edu,52.3369183,15.3336362
586,Judon,Jelley,jjelleyg9@netlog.com,14.5644981,121.0309439
587,Noland,Larkkem,nlarkkemga@fema.gov,32.14237,61.4469
588,Karel,Heskey,kheskeygb@wikispaces.com,-8.0244,111.6441
589,Ronna,Simonite,rsimonitegc@constantcontact.com,45.8618299,17.5621055
590,Giorgia,Binstead,gbinsteadgd@furl.net,45.843424,127.75061
591,Krysta,Jessel,kjesselge@gizmodo.com,55.0214573,82.6615789
592,Neda,Fortin,nfortingf@elpais.com,7.8518373,123.5810068
593,Fernanda,Le Brum,flebrumgg@plala.or.jp,55.7213879,37.40292
594,Chuck,Zanolli,czanolligh@japanpost.jp,41.0057729,71.6436028
595,Corene,Fisbey,cfisbeygi@amazon.co.uk,48.7717343,2.5030826
596,Shelden,Swapp,sswappgj@samsung.com,49.1845517,-0.3553901
597,Dalila,Fido,dfidogk@biglobe.ne.jp,12.6226118,9.3839598
598,Vanya,Summerley,vsummerleygl@phpbb.com,29.33801,89.24618
599,Sherilyn,Edowes,sedowesgm@opera.com,-24.6790871,-50.9289246
600,Federica,Binnall,fbinnallgn@topsy.com,32.3989318,-86.3224638
601,Spenser,Larcher,slarchergo@reddit.com,30.7833,114.41144
602,Domenic,Halsey,dhalseygp@networkadvertising.org,37.2512312,21.6694441
603,Novelia,Pharro,npharrogq@arizona.edu,24.651518,109.24473
604,Tiff,Padula,tpadulagr@cam.ac.uk,37.515114,103.575676
605,Marshal,Hoyte,mhoytegs@tamu.edu,46.3583447,14.2930813
606,Ignacius,Surcombe,isurcombegt@miibeian.gov.cn,-8.7698185,121.3312882
607,Pammi,Atcherley,patcherleygu@epa.gov,57.1630313,13.4153897
608,Ambrosio,Coker,acokergv@reference.com,19.928174,110.883743
609,Willi,Schmuhl,wschmuhlgw@weebly.com,52.142598,20.7175048
610,Dunstan,Algate,dalgategx@netlog.com,-22.5899119,-47.5177229
611,Valeria,Linkie,vlinkiegy@edublogs.org,30.174004,122.039055
612,Zedekiah,Budgett,zbudgettgz@goo.gl,1.6135167,-76.8951551
613,Jude,Greenleaf,jgreenleafh0@discuz.net,39.3433574,117.3616476
614,Kellby,Fairlamb,kfairlambh1@columbia.edu,-9.755588,-36.6639577
615,Murdock,Meneghelli,mmeneghellih2@mail.ru,56.076372,35.9263157
616,Georgianna,Keedwell,gkeedwellh3@usda.gov,5.6810774,95.1171505
617,Elysia,Boutflour,eboutflourh4@walmart.com,-0.789275,113.921327
618,Caroljean,Spavon,cspavonh5@ocn.ne.jp,10.9991938,122.6717828
619,Shauna,Fippe,sfippeh6@ovh.net,39.360247,114.694283
620,Wit,Penticoot,wpenticooth7@storify.com,20.7257009,-103.4082453
621,Jose,Crowdson,jcrowdsonh8@examiner.com,43.5660829,22.2466754
622,Brook,Bris,bbrish9@answers.com,38.7638314,-9.3180715
623,Vivyanne,Sandal,vsandalha@dropbox.com,22.333918,114.153378
624,Nelson,Abramin,nabraminhb@fema.gov,54.236292,20.1285899
625,Farah,Taplin,ftaplinhc@nbcnews.com,2.7439024,98.3143192
626,Astrid,Trueman,atruemanhd@ftc.gov,52.0895358,4.3956096
627,Aliza,Climar,aclimarhe@huffingtonpost.com,11.2363822,123.709249
628,Charin,Caslake,ccaslakehf@reuters.com,33.200333,120.50085
629,Aldis,Wrennall,awrennallhg@alibaba.com,-6.4610391,106.6989632
630,Frankie,Totton,ftottonhh@wisc.edu,49.5,105.61667
631,Pooh,Croxall,pcroxallhi@liveinternet.ru,-13.7994093,-171.8556172
632,Antone,Oriel,aorielhj@phpbb.com,48.3606958,-0.2717072
633,Jaime,Spilsburie,jspilsburiehk@ning.com,33.8597337,134.6589917
634,Carver,Haye,chayehl@live.com,26.641315,100.222545
635,Reube,De Hoogh,rdehooghhm@wp.com,5.7645403,38.9119977
636,Barbe,Redhouse,bredhousehn@harvard.edu,45.4082114,13.6589423
637,Velvet,Sappy,vsappyho@last.fm,57.6975855,12.0551193
638,Cirillo,Hubbart,chubbarthp@dailymotion.com,13.3014073,-15.8686635
639,Fanni,Thunnerclef,fthunnerclefhq@mail.ru,19.3387759,-99.1497466
640,Gib,Collar,gcollarhr@blogs.com,33.3107008,-111.8749872
641,Erhart,Everleigh,eeverleighhs@time.com,13.3050684,-87.8660235
642,Hubie,Jaslem,hjaslemht@drupal.org,-18.0065679,-70.2462741
643,Rona,Gilliard,rgilliardhu@joomla.org,38.487193,106.230908
644,Jemmie,Noquet,jnoquethv@eventbrite.com,35.071102,115.573036
645,Kellia,Doreward,kdorewardhw@symantec.com,53.7352,30.2625
646,Maurene,Anfrey,manfreyhx@nytimes.com,7.4154444,-65.1892471
647,Belicia,Geane,bgeanehy@goo.ne.jp,31.269454,95.63196
648,Yule,Milesap,ymilesaphz@webnode.com,16.0543375,100.2151578
649,Ingunna,Kinlock,ikinlocki0@artisteer.com,-6.4178271,106.0904721
650,Fenelia,Josum,fjosumi1@hubpages.com,63.8105554,20.3121225
651,Pail,Sheara,pshearai2@answers.com,49.9535113,16.8819389
652,Kerwinn,Wartnaby,kwartnabyi3@alibaba.com,9.8563254,-66.3735841
653,Allister,Titman,atitmani4@ifeng.com,31.5383581,-8.7646388
654,Elfie,Chape,echapei5@ibm.com,19.4621825,-99.110685
655,Judah,Usborn,jusborni6@hibu.com,44.780865,128.447649
656,Wald,Ernshaw,wernshawi7@cdbaby.com,41.2511521,-8.3148854
657,Berty,Gittose,bgittosei8@ca.gov,19.3803931,-99.1476908
658,Joshia,Pandya,jpandyai9@desdev.cn,47.55717,106.96333
659,Georgi,Jouhandeau,gjouhandeauia@nationalgeographic.com,-17.72332,-149.3081197
660,Cosmo,McIlwain,cmcilwainib@flickr.com,7.0849817,124.9011398
661,Kristan,Fielden,kfieldenic@who.int,-22.6031668,-48.8041532
662,Danita,Adamek,dadamekid@so-net.ne.jp,16.2413934,-61.5340396
663,Eldredge,Antram,eantramie@ezinearticles.com,50.2334147,14.4107891
664,Emilie,Quinby,equinbyif@harvard.edu,8.047281,-69.3339418
665,Paige,McGready,pmcgreadyig@twitpic.com,24.789361,103.140748
666,Evangelin,Friman,efrimanih@ehow.com,18.6389698,-74.1181234
667,Bob,Taggett,btaggettii@indiegogo.com,-34.6884971,-58.532397
668,Madelin,Langlands,mlanglandsij@bizjournals.com,12.16219,-68.2713254
669,Kara,Roddan,kroddanik@ifeng.com,-25.0455177,29.2362124
670,Dulcie,Dyson,ddysonil@hud.gov,32.929568,119.860856
671,Wilone,Nicolls,wnicollsim@opensource.org,9.338682,123.291063
672,Clari,Sturdy,csturdyin@cbslocal.com,52.020802,85.908397
673,Stacee,Ratter,sratterio@cbc.ca,-33.6060255,-70.8781837
674,Revkah,McCurt,rmccurtip@bloglines.com,-15.0139992,-69.3667194
675,Rennie,O'Duilleain,roduilleainiq@google.fr,10.74044,-74.755272
676,Garnette,Hastings,ghastingsir@usda.gov,29.04797,105.944081
677,Ced,Yegorshin,cyegorshinis@edublogs.org,35.4441266,136.3420789
678,Joseito,Pace,jpaceit@bloomberg.com,-20.3321939,-40.2897153
679,Shay,Roswarn,sroswarniu@msu.edu,46.5838069,0.3350126
680,Prinz,McGillivray,pmcgillivrayiv@virginia.edu,2.8583,97.7578
681,Meyer,Shadrach,mshadrachiw@unblog.fr,-8.2429651,112.1340793
682,Galen,Gronaller,ggronallerix@washington.edu,42.1144473,-72.4909026
683,Joice,Scamerden,jscamerdeniy@youku.com,-33.8989712,151.2149792
684,Lebbie,Boote,lbooteiz@mtv.com,10.829771,122.615819
685,Leroy,Keat,lkeatj0@wikipedia.org,41.604029,-8.5920192
686,Madge,Wigginton,mwiggintonj1@nba.com,41.1437202,-8.0677612
687,Flossi,Sall,fsallj2@topsy.com,50.4974447,31.7833183
688,Town,Ajean,tajeanj3@biglobe.ne.jp,-26.6161631,-56.2510215
689,Carny,Reedick,creedickj4@vinaora.com,37.114157,79.922211
690,Bondon,Ciccarelli,bciccarellij5@booking.com,39.2298803,-8.6901131
691,Bob,Bladesmith,bbladesmithj6@over-blog.com,50.0644155,14.4200237
692,Judas,Moncrefe,jmoncrefej7@utexas.edu,-7.3314,108.0665
693,Krisha,Maier,kmaierj8@jigsy.com,13.5213331,120.9787095
694,Jasun,Checo,jchecoj9@bloomberg.com,11.5346745,108.0954351
695,Perl,Palleske,ppalleskeja@xinhuanet.com,-6.7726186,110.8791343
696,Herbie,Bigly,hbiglyjb@marriott.com,22.7292345,-81.2917971
697,Laureen,Wickie,lwickiejc@newsvine.com,30.131843,109.934086
698,Rubi,Tunstall,rtunstalljd@deviantart.com,19.802837,110.685162
699,Geordie,Banstead,gbansteadje@booking.com,50.1674668,18.9067921
700,Betsy,Malin,bmalinjf@quantcast.com,34.7345529,66.9511459
701,Ashlen,Leheude,aleheudejg@earthlink.net,50.7338713,16.0708309
702,Joceline,Riden,jridenjh@vimeo.com,-12.8435129,-74.569682
703,Broddie,Klus,bklusji@columbia.edu,58.4633132,36.4116086
704,Payton,Mccaull,pmccaulljj@techcrunch.com,-6.7146375,107.4765594
705,Gigi,Lalley,glalleyjk@umn.edu,59.989522,29.7738152
706,Irena,Bere,iberejl@stumbleupon.com,30.208404,116.681928
707,Adeline,Izhakov,aizhakovjm@ezinearticles.com,-5.7421752,105.6647142
708,Tiebout,Pirri,tpirrijn@about.me,49.6300924,15.490592
709,Nickey,Paterson,npatersonjo@sfgate.com,38.8563576,-104.6995991
710,Nilson,Horbath,nhorbathjp@nih.gov,-6.427987,110.9561
711,Ottilie,Beardsall,obeardsalljq@uol.com.br,55.650711,37.39423
712,Cassie,Benoist,cbenoistjr@blogger.com,15.979273,120.8157261
713,Marylinda,Maidstone,mmaidstonejs@whitehouse.gov,33.9769138,132.7764778
714,Ibby,Miebes,imiebesjt@weebly.com,-7.8431154,110.3772042
715,Xena,Holyard,xholyardju@ow.ly,20.8449115,106.6880841
716,Darwin,Freschini,dfreschinijv@t.co,36.11609,101.19904
717,Shanna,Hakking,shakkingjw@miibeian.gov.cn,13.4760557,-13.8651056
718,Lucais,Lemmer,llemmerjx@baidu.com,11.0871586,123.9861013
719,Barnett,Igoe,bigoejy@live.com,37.2488951,10.0415603
720,Giusto,Cushion,gcushionjz@domainmarket.com,33.45,-111.97
721,Celle,Matussevich,cmatussevichk0@washington.edu,14.9817467,-87.8893383
722,Orville,Kelcher,okelcherk1@blog.com,39.5557317,21.7678951
723,Barbabas,Hannum,bhannumk2@studiopress.com,13.7506463,100.5326139
724,Suki,Sennett,ssennettk3@scribd.com,51.0184963,18.0515704
725,Kennedy,Wroth,kwrothk4@yelp.com,37.1073284,-8.7960152
726,Nari,Stockle,nstocklek5@edublogs.org,-20.9868314,-42.0979633
727,Brendon,Oyley,boyleyk6@aboutads.info,45.67875,-62.70936
728,Blake,Douce,bdoucek7@simplemachines.org,24.0576707,89.8762377
729,Nadeen,Anfrey,nanfreyk8@cisco.com,-8.339355,122.9634852
730,Corbin,England,cenglandk9@instagram.com,1.135959,104.020289
731,Gonzales,Asser,gasserka@samsung.com,8.9800511,126.2545687
732,Clifford,Sinfield,csinfieldkb@marketwatch.com,9.3548105,9.7023684
733,Thaddus,St. Leger,tstlegerkc@clickbank.net,56.7577875,43.5378796
734,Sari,Martinat,smartinatkd@amazon.de,-9.7744129,-76.785759
735,Mirilla,Chedgey,mchedgeyke@tinyurl.com,32.848472,96.583409
736,Michel,Wear,mwearkf@si.edu,31.654375,120.752481
737,Alexandro,Bartolozzi,abartolozzikg@archive.org,1.600501,-75.0377502
738,Nichole,Slowgrove,nslowgrovekh@vistaprint.com,14.5014709,121.0421391
739,Veradis,Kay,vkayki@sun.com,54.8771794,26.9388432
740,Arleen,Chaffen,achaffenkj@macromedia.com,53.3621047,58.9682091
741,Almeda,O'Cosgra,aocosgrakk@tuttocitta.it,37.627661,116.391507
742,Desmond,Prudence,dprudencekl@huffingtonpost.com,56.1073342,69.6003357
743,Querida,Milleton,qmilletonkm@prweb.com,15.4129378,102.3234816
744,Maurizio,Bramhill,mbramhillkn@phoca.cz,60.2638215,18.4529131
745,Alfie,Malkin,amalkinko@delicious.com,-22.72125,27.31057
746,Jaclin,Dunklee,jdunkleekp@feedburner.com,35.819227,108.019549
747,Sabra,Mew,smewkq@xinhuanet.com,-2.576499,112.542
748,Yul,McAlinden,ymcalindenkr@sfgate.com,29.809116,119.781131
749,Tim,Futty,tfuttyks@example.com,28.153607,120.692025
750,Cammi,Pagnin,cpagninkt@dailymotion.com,10.4132061,-66.8052202
751,Juliane,O'Haire,johaireku@columbia.edu,25.2898918,32.5522304
752,Seka,Ludovico,sludovicokv@auda.org.au,43.8564397,22.5188282
753,Felicio,Cucinotta,fcucinottakw@cdc.gov,58.3104915,112.8975082
754,Kaia,Whales,kwhaleskx@dyndns.org,55.4083313,56.5492424
755,Leonhard,Klesl,lkleslky@sohu.com,14.1999624,100.5749629
756,Tomi,Wayte,twaytekz@psu.edu,24.781681,118.552365
757,Che,Filipic,cfilipicl0@nba.com,14.283333,45.6
758,Alberta,Robertazzi,arobertazzil1@loc.gov,-23.3058194,-47.1367011
759,Nerita,Jouanot,njouanotl2@usnews.com,52.8803476,20.0444513
760,Elwira,McBeath,emcbeathl3@economist.com,-33.2825097,19.3247866
761,Mandie,Lasseter,mlasseterl4@newsvine.com,46.1030135,29.7204853
762,Loretta,D'Costa,ldcostal5@hp.com,6.9894019,79.8933077
763,Marty,Mapson,mmapsonl6@ft.com,52.0872281,18.8224372
764,Marni,Issacson,missacsonl7@typepad.com,49.465597,16.1555481
765,Alexandros,Gedge,agedgel8@independent.co.uk,-6.312525,106.1049278
766,Sherwin,Pohl,spohll9@discovery.com,38.8583121,139.9535758
767,Herrick,Koppelmann,hkoppelmannla@utexas.edu,32.30798,35.16593
768,Waring,Bunting,wbuntinglb@dyndns.org,60.0456385,30.3403569
769,Lura,Brosh,lbroshlc@cbsnews.com,44.16652,133.86495
770,Elnar,Tompkiss,etompkissld@mit.edu,50.051293,19.372452
771,Roxine,Fiddy,rfiddyle@alexa.com,17.361305,121.879282
772,Fan,Heselwood,fheselwoodlf@360.cn,71.9666987,102.5000418
773,Aleda,Gowdy,agowdylg@reverbnation.com,27.388611,-110.1216666
774,Manda,Dedenham,mdedenhamlh@wp.com,15.60444,-13.3211909
775,Putnam,Walthall,pwalthallli@guardian.co.uk,24.660711,118.460176
776,Dyann,Ainscow,dainscowlj@yellowpages.com,63.8223321,20.2753893
777,Dov,Bowmaker,dbowmakerlk@ibm.com,41.0174461,-7.7750036
778,Lamont,Hollingsbee,lhollingsbeell@amazon.co.uk,-8.7334983,121.7508912
779,Mychal,Willavoys,mwillavoyslm@washingtonpost.com,-12.034087,-38.7577605
780,Manon,Lough,mloughln@joomla.org,58.3605655,40.6845699
781,Rudyard,Morhall,rmorhalllo@scientificamerican.com,-4.4008685,-68.5247149
782,Norry,Kezourec,nkezoureclp@jalbum.net,53.6923042,38.1938089
783,Rancell,Bollen,rbollenlq@booking.com,17.0516148,-13.9114989
784,Moise,Sisley,msisleylr@who.int,22.493937,99.679493
785,Shelbi,Trevers,streversls@de.vu,24.130374,110.189462
786,Yard,Wassell,ywasselllt@un.org,36.200252,117.087614
787,Nikkie,Eaves,neaveslu@amazon.co.uk,34.2312322,-5.7194522
788,Cam,Sheerman,csheermanlv@bluehost.com,58.2890327,12.2665864
789,Kristopher,Fallowfield,kfallowfieldlw@msu.edu,31.549333,-97.1466695
790,Maddy,Champain,mchampainlx@mashable.com,23.116886,113.237353
791,Rois,Twizell,rtwizellly@e-recht24.de,51.5487433,-1.7880953
792,Corissa,Eble,ceblelz@prweb.com,15.0952158,-91.1508967
793,Audy,Smurthwaite,asmurthwaitem0@shop-pro.jp,29.866917,118.403786
794,Benjie,Agass,bagassm1@ehow.com,-7.0967,113.6588
795,Averil,Pardon,apardonm2@berkeley.edu,-37.7758475,-67.7134201
796,Rob,Ottery,rotterym3@blogtalkradio.com,31.352859,118.432941
797,Ava,Rolf,arolfm4@usda.gov,36.0624707,-86.7768273
798,Donna,Olley,dolleym5@goo.ne.jp,22.630834,114.4194
799,Brendin,Feavearyear,bfeavearyearm6@phoca.cz,58.367135,25.5974276
800,Anderea,Josuweit,ajosuweitm7@posterous.com,32.5958283,-6.2694608
801,Chaddy,Creevy,ccreevym8@hibu.com,8.16667,124.21667
802,Madelina,Nacci,mnaccim9@gravatar.com,23.9211737,-106.8915948
803,Carleton,Iddons,ciddonsma@cloudflare.com,49.8461722,29.0542223
804,Emilio,Lusk,eluskmb@theguardian.com,50.0588756,23.9736471
805,Jephthah,Pennicard,jpennicardmc@wp.com,44.0519136,42.8429639
806,Kippie,Lacoste,klacostemd@github.com,49.6287673,23.6955367
807,Ulrich,Laurenzi,ulaurenzime@amazonaws.com,49.6087627,18.4861804
808,Gayle,Gerriets,ggerrietsmf@gizmodo.com,32.34977,-80.67895
809,Dyna,Ashleigh,dashleighmg@odnoklassniki.ru,-23.9115866,-56.6990927
810,Milton,Erb,merbmh@tmall.com,-7.6387228,111.0460407
811,Aguistin,Bromage,abromagemi@msn.com,41.664757,123.344062
812,Huberto,Kinsella,hkinsellamj@netscape.com,47.8863988,106.9057439
813,Wilona,McKintosh,wmckintoshmk@amazon.com,9.7361006,123.9333482
814,Nicholle,Garvan,ngarvanml@devhub.com,37.1091948,69.9193004
815,Erwin,MacKintosh,emackintoshmm@istockphoto.com,10.8239425,122.505277
816,Nicolina,Reiling,nreilingmn@1und1.de,38.0772641,22.6326975
817,Roobbie,Castagna,rcastagnamo@about.com,38.2270256,-7.6809329
818,Coralie,Cairns,ccairnsmp@house.gov,38.776362,114.9416819
819,Cassi,Hattrick,chattrickmq@stumbleupon.com,-0.4797043,100.5746224
820,Haleigh,D'eath,hdeathmr@hatena.ne.jp,35.1684393,138.6660042
821,Cyndia,De Winton,cdewintonms@netscape.com,8.5657243,-82.7387601
822,Elane,Balffye,ebalffyemt@com.com,20.2258318,-74.1533563
823,Raimundo,Critten,rcrittenmu@discovery.com,35.3939908,109.1880047
824,Andriette,Dahlbom,adahlbommv@skype.com,47.4906719,15.39185
825,Marjy,Dodworth,mdodworthmw@intel.com,37.1120141,-93.3086778
826,Babbie,Middlemiss,bmiddlemissmx@dailymotion.com,-6.9100633,107.7147697
827,Gusti,Ghilardini,gghilardinimy@1und1.de,24.094765,116.00509
828,Jaime,Witty,jwittymz@storify.com,-22.8140057,-45.1904004
829,Fiona,Clipsham,fclipshamn0@washington.edu,14.6004472,121.030802
830,Lolly,Westcot,lwestcotn1@51.la,38.5,-92.15
831,Susanetta,Marcombe,smarcomben2@ezinearticles.com,40.3777496,69.2490136
832,Persis,Forstall,pforstalln3@nytimes.com,42.0807464,20.4142923
833,Cheryl,Brockett,cbrockettn4@mapquest.com,11.1652432,-1.1400998
834,Eliot,Cottu,ecottun5@whitehouse.gov,41.0907665,-8.60487
835,Delphine,Kembrey,dkembreyn6@cyberchimps.com,39.8474574,-8.8886377
836,Thomasa,Coslitt,tcoslittn7@walmart.com,-7.811056,108.438797
837,Elwyn,Joscelyn,ejoscelynn8@eventbrite.com,-9.6996,119.436
838,Walton,Gilroy,wgilroyn9@soundcloud.com,30.674124,111.172529
839,Nathaniel,Matchell,nmatchellna@joomla.org,46.8289256,16.3268491
840,Denna,Piwall,dpiwallnb@deliciousdays.com,32.5067042,36.8519377
841,Alina,Northall,anorthallnc@thetimes.co.uk,9.546414,122.521763
842,Freddie,Vallow,fvallownd@si.edu,41.2426773,-7.5586322
843,Claribel,Jovicevic,cjovicevicne@ucla.edu,27.9890156,-81.6802054
844,Jaclin,Mozzetti,jmozzettinf@bizjournals.com,8.3345712,124.2510844
845,Sheena,Szymaniak,sszymaniakng@ibm.com,22.4217587,89.0445636
846,Kain,Leaman,kleamannh@intel.com,29.519664,116.854021
847,Genny,Petrovic,gpetrovicni@acquirethisname.com,57.7576914,12.0512149
848,Belinda,Shute,bshutenj@flickr.com,53.6808257,16.9312789
849,Elmore,Ozanne,eozannenk@xrea.com,45.9769612,15.0909889
850,Maximilianus,Mordacai,mmordacainl@people.com.cn,35.8966741,139.370979
851,Gerrard,Giacobillo,ggiacobillonm@edublogs.org,30.839274,104.406708
852,Enriqueta,Cusack,ecusacknn@google.com.br,29.948677,109.088095
853,Burke,Shapiro,bshapirono@imageshack.us,-6.3486919,106.0419754
854,Kendall,Annon,kannonnp@ow.ly,50.6398985,15.8196702
855,Cosetta,Soles,csolesnq@google.com.hk,-7.8165708,-78.416925
856,Carlina,Klassman,cklassmannr@cbc.ca,46.8071439,33.5698471
857,Abie,Jerram,ajerramns@hud.gov,-6.0768719,-47.8032284
858,Emelita,Burnage,eburnagent@answers.com,-11.3801768,-40.0068953
859,Connie,Ollerhad,collerhadnu@ocn.ne.jp,56.1636909,21.1594809
860,Boyd,Trembey,btrembeynv@bloomberg.com,26.3577675,127.8691991
861,Audre,Callis,acallisnw@cdc.gov,41.0677716,-7.6154835
862,Tommie,Habbin,thabbinnx@wisc.edu,59.6194065,16.5805191
863,Ellynn,Drawmer,edrawmerny@123-reg.co.uk,-6.1808202,106.1198699
864,Dorena,O'Spillane,dospillanenz@goodreads.com,35.8439572,136.1916906
865,Augy,Rubartelli,arubartellio0@theguardian.com,35.761829,115.029215
866,Jessamyn,Petruskevich,jpetruskevicho1@techcrunch.com,-24.7592533,-51.7601166
867,Ariela,Perrot,aperroto2@elegantthemes.com,3.0070658,131.1237781
868,Tobi,Weddell,tweddello3@weebly.com,41.6613587,-91.4918235
869,Luz,Hawkins,lhawkinso4@ow.ly,45.8440218,16.8524058
870,Philis,Johanchon,pjohanchono5@amazonaws.com,-7.7607338,112.1698476
871,Basilio,Nodes,bnodeso6@sbwire.com,45.8899146,13.6263627
872,Coral,Kener,ckenero7@cam.ac.uk,14.4432287,108.9918254
873,Coletta,Tissell,ctissello8@wisc.edu,24.2864848,90.1869644
874,Bernette,Winspur,bwinspuro9@people.com.cn,-18.4001194,47.8699039
875,Reagen,Corr,rcorroa@netscape.com,29.899044,121.844618
876,Orson,Henrionot,ohenrionotob@earthlink.net,30.859012,113.979421
877,Arlena,Gillion,agillionoc@comcast.net,48.1030253,102.5606182
878,Niall,Foden,nfodenod@globo.com,14.6014909,103.0933171
879,Austine,Guttridge,aguttridgeoe@ezinearticles.com,38.6816201,-9.1534942
880,Shayne,Dodd,sdoddof@squarespace.com,46.3410256,4.9979479
881,Thorstein,Heinreich,theinreichog@ucla.edu,-11.335798,-75.3412179
882,Robers,Jaffra,rjaffraoh@baidu.com,-3.4949817,-80.2711588
883,Dierdre,Godain,dgodainoi@imdb.com,31.311756,118.372655
884,Tony,Egiloff,tegiloffoj@pbs.org,26.885704,120.005147
885,Taddeo,Smiley,tsmileyok@adobe.com,35.8439572,136.1916906
886,Wini,Joder,wjoderol@hugedomains.com,32.026097,112.232692
887,Osborn,Carwardine,ocarwardineom@last.fm,-7.6108474,109.113684
888,Lannie,Brugh,lbrughon@booking.com,48.5304917,25.0412055
889,Rockie,Farncomb,rfarncomboo@google.fr,40.1274545,63.4567092
890,Natala,Scammell,nscammellop@phoca.cz,-6.7216825,111.1995479
891,Kenyon,Hooke,khookeoq@ebay.co.uk,42.3223434,22.7092535
892,Eadmund,Sydenham,esydenhamor@gizmodo.com,43.3155137,27.4337343
893,Vonnie,Bamell,vbamellos@t-online.de,42.1119268,44.9672863
894,Archibold,Itzkov,aitzkovot@networkadvertising.org,47.4947984,1.2613018
895,Janeva,Kilbride,jkilbrideou@sakura.ne.jp,-6.8695345,111.5170196
896,Blanca,Huggen,bhuggenov@cocolog-nifty.com,7.9047781,98.3512841
897,Sonnie,Padilla,spadillaow@japanpost.jp,40.9163004,-74.172438
898,Tally,Turbill,tturbillox@digg.com,38.8944448,-8.0208303
899,Kellie,Tomlinson,ktomlinsonoy@toplist.cz,59.2643041,18.0399695
900,Dimitri,Ochterlony,dochterlonyoz@samsung.com,46.4270739,16.5473979
901,Nissa,Basilone,nbasilonep0@huffingtonpost.com,34.04,-118.26
902,Hunter,Chesher,hchesherp1@unicef.org,-7.2575486,107.8628297
903,Hana,di Rocca,hdiroccap2@ning.com,-9.8015544,-77.4314703
904,Gena,Chezier,gchezierp3@google.co.jp,-9.5606075,124.6026671
905,Dev,Graveston,dgravestonp4@tamu.edu,17.5358596,121.6851715
906,Tiena,Sprules,tsprulesp5@webnode.com,56.6750878,16.370548
907,Ewart,Sebastian,esebastianp6@unesco.org,17.6416172,-63.2282569
908,Riley,Booler,rboolerp7@topsy.com,9.6314,123.0873
909,Duff,Redmille,dredmillep8@marriott.com,19.482042,-99.1985584
910,Bobette,Jakubczyk,bjakubczykp9@symantec.com,22.517585,113.39277
911,Rafaelia,Salzburg,rsalzburgpa@mac.com,30.2979687,120.1561748
912,Dorothy,Melsom,dmelsompb@woothemes.com,-6.944465,111.4782661
913,Alexis,Pashler,apashlerpc@engadget.com,-34.3048508,-58.7739249
914,Sharl,Crickmer,scrickmerpd@google.pl,3.102823,101.6781755
915,Armand,Tertre,atertrepe@ed.gov,45.7164219,4.8750727
916,Stevie,Lantuff,slantuffpf@blogger.com,59.2733875,17.8926893
917,Meggy,Cicchetto,mcicchettopg@w3.org,6.4387946,100.1947477
918,Banky,Krause,bkrauseph@tinypic.com,11.9210864,-86.1230153
919,Evaleen,Donnelly,edonnellypi@va.gov,23.9211737,-106.8915948
920,Craig,Littlepage,clittlepagepj@addthis.com,37.617937,120.395988
921,Selig,Miere,smierepk@soundcloud.com,18.740381,109.735832
922,Rriocard,Allans,rallanspl@yellowbook.com,38.4480999,-7.5655702
923,Hieronymus,Biasioli,hbiasiolipm@goo.ne.jp,52.4271002,21.6349927
924,Kearney,Bittany,kbittanypn@ox.ac.uk,6.413801,125.61055
925,Ravi,Fenny,rfennypo@icio.us,11.6155109,104.3791912
926,Marsh,Blacksland,mblackslandpp@wiley.com,37.9715592,-87.5710898
927,Modesta,Toplin,mtoplinpq@bizjournals.com,55.5772494,39.526478
928,Falito,Klarzynski,fklarzynskipr@etsy.com,41.80088,-8.8458421
929,Theda,Morrow,tmorrowps@slate.com,26.7957017,86.2970998
930,Philomena,Gazzard,pgazzardpt@wsj.com,45.0247038,14.6312922
931,Patty,Fenlon,pfenlonpu@zimbio.com,11.7367016,122.0389128
932,Leroi,Laden,lladenpv@phpbb.com,24.062988,115.625839
933,Frederick,Manass,fmanasspw@japanpost.jp,30.402167,112.899762
934,Osmund,Rait,oraitpx@phpbb.com,54.0086093,-6.473025
935,Calhoun,Carville,ccarvillepy@macromedia.com,-6.212159,106.510583
936,Juanita,Branston,jbranstonpz@fotki.com,32.029558,34.799648
937,Legra,Tillot,ltillotq0@psu.edu,18.4701519,-69.9851563
938,Vergil,Pymar,vpymarq1@google.it,-7.0961965,111.9403254
939,Cash,Magovern,cmagovernq2@163.com,4.9428987,-76.0285737
940,Cliff,Mc Carroll,cmccarrollq3@squarespace.com,-32.75,-70.7208115
941,Eleonore,Piggens,epiggensq4@state.tx.us,-12.6117479,-76.6701475
942,Barri,Durning,bdurningq5@mediafire.com,43.1162469,1.6196332
943,Phip,Stainer,pstainerq6@samsung.com,18.1166668,120.6999969
944,Derrick,Basindale,dbasindaleq7@amazon.co.jp,28.441209,115.360554
945,Chev,Brittoner,cbrittonerq8@usatoday.com,64.1457767,28.268999
946,Kipper,Raffles,krafflesq9@hatena.ne.jp,48.4100734,-4.4706255
947,Madlen,Dyde,mdydeqa@spiegel.de,36.0896801,-79.9528451
948,Bartholomew,Hirsch,bhirschqb@nyu.edu,29.289085,111.189296
949,Rem,Shillaker,rshillakerqc@blogtalkradio.com,53.3115521,45.0396698
950,Griffith,Brun,gbrunqd@ftc.gov,39.157329,117.244541
951,Gasparo,Ellaman,gellamanqe@histats.com,-0.0632715,32.0837445
952,Jonathan,Hollyman,jhollymanqf@cocolog-nifty.com,41.1694718,75.8098141
953,Rolf,Brahms,rbrahmsqg@google.fr,49.4434442,15.8815566
954,Jacynth,Joubert,jjoubertqh@prnewswire.com,40.4918264,-7.5954135
955,Warren,Skouling,wskoulingqi@bloglovin.com,42.9862014,-85.625085
956,Hieronymus,Wallentin,hwallentinqj@addthis.com,36.3645281,37.0158772
957,Elisha,Weale,ewealeqk@wsj.com,41.8647615,12.3864842
958,Gael,Parcells,gparcellsql@china.com.cn,35.84609,102.031722
959,Kermie,Drakers,kdrakersqm@thetimes.co.uk,48.170403,126.2118229
960,Melody,MacCracken,mmaccrackenqn@list-manage.com,8.7430304,-82.820547
961,Oliviero,Aronow,oaronowqo@google.it,32.78,-96.8
962,Gwenore,Ajsik,gajsikqp@senate.gov,55.0099537,39.0764494
963,Shaylah,Harrold,sharroldqq@friendfeed.com,-7.8236568,-78.4478594
964,Dayna,Bolin,dbolinqr@va.gov,43.1298714,45.5357156
965,Renado,Torrejon,rtorrejonqs@webnode.com,-37.9973752,-57.5825246
966,Eldridge,Bedding,ebeddingqt@narod.ru,49.3389251,17.9938523
967,Ulrike,Camous,ucamousqu@sitemeter.com,41.5106099,-8.5857044
968,Sybila,Webberley,swebberleyqv@usnews.com,6.6450416,125.3013286
969,Clyve,Menilove,cmeniloveqw@list-manage.com,15.113515,-89.362656
970,Richardo,Bentham,rbenthamqx@ocn.ne.jp,-39.6241126,176.8270545
971,Sibylle,Livard,slivardqy@home.pl,52.4506032,19.6362734
972,Agretha,Glasscott,aglasscottqz@jigsy.com,60.54595,16.2841
973,Tanhya,Clawsley,tclawsleyr0@ihg.com,45.1459732,20.4917347
974,Merline,Aldiss,maldissr1@pbs.org,17.2702191,100.1255164
975,Mufinella,Cattle,mcattler2@house.gov,-7.6695988,109.9526633
976,Nicoline,Tolley,ntolleyr3@symantec.com,14.6306039,121.0056925
977,Wyatt,McHale,wmchaler4@github.io,36.2861677,37.1097748
978,Swen,Rodder,srodderr5@163.com,13.7178702,-87.6953979
979,Inglis,Gater,igaterr6@irs.gov,-6.8787,113.9035
980,Felita,Phelipeau,fphelipeaur7@yolasite.com,39.7424454,-8.7234791
981,Carly,Ferrarotti,cferrarottir8@shutterfly.com,35.963912,105.729085
982,Jammie,Arnke,jarnker9@csmonitor.com,-20.7430332,-46.6096926
983,Kerry,Knowlman,kknowlmanra@studiopress.com,59.924735,30.3209555
984,Waverley,Torricella,wtorricellarb@house.gov,-7.7474,114.0409
985,Phyllida,Starkie,pstarkierc@sciencedirect.com,-3.9479261,29.6238368
986,Maurie,Springthorpe,mspringthorperd@unicef.org,39.856317,96.779317
987,Genovera,Crevy,gcrevyre@reference.com,-6.9936,112.0647
988,Jacynth,Drable,jdrablerf@deliciousdays.com,63.0097972,18.1864547
989,Fransisco,Briton,fbritonrg@symantec.com,7.1000051,4.8416936
990,Adolphus,Ettritch,aettritchrh@apple.com,10.6485481,-61.495357
991,Kacie,Lafayette,klafayetteri@cam.ac.uk,51.4588944,3.5455371
992,Lowrance,Franzoli,lfranzolirj@amazonaws.com,-15.3238828,-70.0737598
993,Alyda,Havercroft,ahavercroftrk@google.co.uk,59.162099,15.2696961
994,Clarinda,Gillaspy,cgillaspyrl@bbb.org,42.96444,87.66111
995,Gigi,Gawthrop,ggawthroprm@cbslocal.com,0.3475964,32.5825197
996,Wendall,Harefoot,wharefootrn@census.gov,-6.8099748,105.8583873
997,Tedmund,Emms,temmsro@ted.com,34.4203709,73.2008084
998,Chicky,Ternault,cternaultrp@bandcamp.com,40.8576169,-8.5183398
999,Gypsy,Golds,ggoldsrq@ning.com,50.716719,3.16806
1000,Mattheus,Brown,mbrownrr@squidoo.com,51.3201051,20.68325
